Nmel140_R,AGCTTGTTAATATGGCACGGTG
Nmel155_R,GGTGCAATGTGATTTGGGCAG
Nmel185_R,TTTCCTCCTCTGGCTTTGTGTG
Nmel248_R,TCATGTTAAATTCAGATCCAGGTC
Nmel262_R,AAACGGACAAGTGGAAGAAG
Nmel299_R,AGGAAACAAGGAAGGGACAAAC
Nmel32_R,AACCCTCACCTGAATCAAGCAC
Nmel344_R,ACACTGCCTTAATGATTCAAAGG
Nmel351_R,CATATTGGCTTCAGTAGATGTTTG
Nmel361_R,CAACTTTCGGTGCAAACATGAC
Nmel363_R,CTGTTTGGCTCGGACAACATG
Nmel403_R,GGACCGATCTGTATATAGGAGCC
Nmel405_R,AATGGACTAACAGTTCGCTAC
Nmel411_R,CAGCAACGGACAAGTGGAAG
Nmel422_R,TACAAAGCGCGATATCAGTTGG
Nmel505_R,GCTTTCACCTCATTCATACAGC
Nmel549_R,TGGACTGTAAGCCATAATCTTC
Nmel625_R,TGATGGTGGGTGAAGTACATGG
Nmel660_R,CTATGTGATTTGGGCAGCTCC
Nmel726_R,CAGGTCCACTAATTCGATGTCC
Nmel729_R,AAGGCCTAACAAACAGCAGATG
Nmel746_R,GCTCGAGTCTTAAATGCAGATTG
Nmel810_R,ATTACTAGTAGGTGACGGGTCG
Nmel815_R,CAGGCTCATGTTAAGGGTTCAG
Nmel821_R,AGTTCAGAGGCAGCCAGTTG
Nmel89_R,TAAGAGCAGGCTTAAGACCCAC
Nmel914_R,CTATACGCACAGCTTCCTCACC
Nmel990_R,CTCAGGGCTCCAACTACTCC
Nmel994_R,TTCTCAATAACTTTATCTCGGACC
Nmel1103_R,CGCCCTCGGTACTGTTATAAAG
Nmel1132_R,AGGACGTTTCGCTTTGATCTTC
Nmel1462_R,AGTCAGAAGGAAACACATGCAG
Nmel1486_R,AATGTGATTTGGGCAGCTCG
Nmel1531_R,GCCCTGGGTACAAACTATCTTG
Nmel1566_R,AATGATATGGGAAATGCGAGCG