Nmel140_F,ATGTGCTGGATTGTCTCATTGG
Nmel155_F,ACATAACTTGGTGCTCATTCTGG
Nmel185_F,ATGTGAGACTATTTCCTTCGGG
Nmel248_F,ACTGAATGACAACTGAATTTCCC
Nmel262_F,CGACAGCTGTAGTTCAACTCAC
Nmel299_F,TTATGCTCACTACTGCCACTTC
Nmel32_F,CTCCAAACCTTCTTACTGCTGC
Nmel344_F,GCTATAATGTTGTGTGCAGTGC
Nmel351_F,TTTGGTCACTGGAATTACAATACG
Nmel361_F,CGAGGATCCTGGCAATTGGG
Nmel363_F,TCAAAGAGACCTAAGCCAGTCC
Nmel403_F,GTCTTGCTGCATAAACCAAAGC
Nmel405_F,TCACAGCTAAGACCAACAACC
Nmel411_F,GGAAACAAGGTCGCAGGTAATG
Nmel422_F,CTCCCATCTCCCATCCAAGTAC
Nmel505_F,CCCACTTCAATGTTCTGCACTC
Nmel549_F,TGCATGATATAGGACCTTTAAAGC
Nmel625_F,CAGACAAAGAGCGGTTCAGAAG
Nmel660_F,CTGGACACAAGCTGCAAGTG
Nmel726_F,CTCTCAGCGTATACAGAGGCC
Nmel729_F,ACAAGTGCATTAGTGTCATGGG
Nmel746_F,GTTTATGCCCTGGACATCTGC
Nmel810_F,AACACAGCGTCAAATCTCTCAG
Nmel815_F,GGGTGTATTGTCTAGTCTCTGG
Nmel821_F,CCACCAATCATGTTACACAGGG
Nmel89_F,TCTACTTCAGTTGGCTATGATTC
Nmel914_F,TTGTGGACAAGGGCTGAACAG
Nmel990_F,AAATGCTGTTATACTGAGGCGG
Nmel994_F,CTCTCTGACATGCTCCAAGGAC
Nmel1103_F,GCCAAGTCCTATCTCGCAATG
Nmel1132_F,TCCTGGATGAACACTACAAGGC
Nmel1462_F,CGATACCCAATATAGCGGACGG
Nmel1486_F,TTCCCATTGTAACAGCAGAGAG
Nmel1531_F,TGTAACAGGAGCCAAATCAGATG
Nmel1566_F,ATTTCGGATCCTCGTATCTGAC